Objective loss,KLD
-32497.8,-0.0116503
-32497.9,-0.0111488
-32498.0,-0.0102463
-32498.1,-0.0107382
-32498.1,-0.010392
